Number,m000,m100,m010,m001,xmean,ymean,zmean,mu002,mu020,mu200,mu110,mu101,mu011,eta002,eta020,eta200,eta110,eta101,eta011,I_1,I_2,I_3,J_1,J_2,J_3,EllipsoidalAxisA,EllipsoidalAxisB,EllipsoidalAxisC,RowMean,ColumnMean,PlaneMean,RowMin,ColumnMin,PlaneMin,RowMax,ColumnMax,PlaneMax,ColumnStart,RowStart,PlaneStart,Perimeter2d,FeretMin,FeretMax,RotationAngle2d,cellmask_mean,cellmask_var,cellmask_stdev,cellmask_max,cellmask_min,cellmask_median,cellmask_muc,cellmask_notempty,cellgood_mean,cellgood_var,cellgood_stdev,cellgood_max,cellgood_min,cellgood_median,cellgood_muc,cellgood_notempty,cellshape_mean,cellshape_var,cellshape_stdev,cellshape_max,cellshape_min,cellshape_median,cellshape_muc,cellshape_notempty,cellshape_8,cellshape_9,cellshape_10,cellshape_11,cellshape_12,cellshape_13,cellshape_14,cellshape_15,cellshape_16,cellshape_17,cellshape_18,cellshape_19,cellshape_20,cellshape_21
0,1.000000,297.000000,544.000000,0.000000,297.000000,544.000000,0.000000,0.000000,0.000000,0.000000,0.000000,0.000000,0.000000,0.000000,0.000000,0.000000,0.000000,0.000000,0.000000,0.000000,0.000000,0.000000,0.000000,0.000000,-0.000000,-nan,-nan,0.000000,544,297,0,544,297,0,544,297,0,297,544,0,1,0.000000,0.000000,-nan,0.000000,     0.000000,     0.000000,   159.000000,   159.000000,   159.000000,   159.000000,1,0.000000,     0.000000,     0.000000,     0.000000,     0.000000,     0.000000,     0.000000,0,0,9,1,0,-99,-99,-99,-99,-99,-99,-99,-99,-99,-99,-99,-99,-99,-99,-99,-99,-99,-99
1,1.000000,298.000000,541.000000,0.000000,298.000000,541.000000,0.000000,0.000000,0.000000,0.000000,0.000000,0.000000,0.000000,0.000000,0.000000,0.000000,0.000000,0.000000,0.000000,0.000000,0.000000,0.000000,0.000000,0.000000,-0.000000,-nan,-nan,0.000000,541,298,0,541,298,0,541,298,0,298,541,0,1,0.000000,0.000000,-nan,0.000000,     0.000000,     0.000000,   161.000000,   161.000000,   161.000000,   161.000000,1,0.000000,     0.000000,     0.000000,     0.000000,     0.000000,     0.000000,     0.000000,0,0,9,1,0,-99,-99,-99,-99,-99,-99,-99,-99,-99,-99,-99,-99,-99,-99,-99,-99,-99,-99
2,11.000000,3343.000000,5615.000000,0.000000,303.909090,510.454545,0.000000,0.000000,34.727272,4.909090,8.454545,0.000000,0.000000,0.000000,1.419538,0.200667,0.345594,0.000000,0.000000,1.620205,0.165420,0.000000,1.620205,0.406718,-0.000000,0.978900,3.636010,0.000000,510,304,0,508,303,0,513,305,0,303,508,0,11,2.068422,5.171055,0.257928,161.636363,    11.454545,     3.384456,   166.000000,   156.000000,   163.000000,  1778.000000,11,0.000000,     0.000000,     0.000000,     0.000000,     0.000000,     0.000000,     0.000000,0,0,9,1,0,-99,-99,-99,-99,-99,-99,-99,-99,-99,-99,-99,-99,-99,-99,-99,-99,-99,-99
3,3.000000,915.000000,1554.000000,0.000000,305.000000,518.000000,0.000000,0.000000,2.000000,0.000000,0.000000,0.000000,0.000000,0.000000,0.462240,0.000000,0.000000,0.000000,0.000000,0.462240,0.000000,0.000000,0.462240,0.000000,-0.000000,0.000000,inf,0.000000,518,305,0,517,305,0,519,305,0,305,517,0,3,0.000000,2.000000,0.000000,162.333333,    14.333333,     3.785938,   165.000000,   158.000000,   164.000000,   487.000000,3,0.000000,     0.000000,     0.000000,     0.000000,     0.000000,     0.000000,     0.000000,0,0,9,1,0,-99,-99,-99,-99,-99,-99,-99,-99,-99,-99,-99,-99,-99,-99,-99,-99,-99,-99
4,58.000000,18168.000000,25561.000000,0.000000,313.241379,440.706896,0.000000,0.000000,2524.017241,510.620689,-986.896551,0.000000,0.000000,0.000000,11.242295,2.274369,-4.395763,0.000000,0.000000,13.516665,6.246401,0.000000,13.516665,2.499280,-0.000000,2.263601,11.808132,0.000000,441,313,0,430,310,0,451,321,0,310,443,0,51,11.882018,22.683854,-0.387732,157.120689,    17.406231,     4.172077,   169.000000,   149.000000,   157.000000,  9113.000000,58,0.000000,     0.000000,     0.000000,     0.000000,     0.000000,     0.000000,     0.000000,0,1,9,1,12,447,312,-99,-99,-99,-99,-99,-99,-99,-99,-99,-99,-99,-99,-99,-99,-99,-99
5,1.000000,318.000000,548.000000,0.000000,318.000000,548.000000,0.000000,0.000000,0.000000,0.000000,0.000000,0.000000,0.000000,0.000000,0.000000,0.000000,0.000000,0.000000,0.000000,0.000000,0.000000,0.000000,0.000000,0.000000,-0.000000,-nan,-nan,0.000000,548,318,0,548,318,0,548,318,0,318,548,0,1,0.000000,0.000000,-nan,0.000000,     0.000000,     0.000000,   151.000000,   151.000000,   151.000000,   151.000000,1,0.000000,     0.000000,     0.000000,     0.000000,     0.000000,     0.000000,     0.000000,0,0,9,1,0,-99,-99,-99,-99,-99,-99,-99,-99,-99,-99,-99,-99,-99,-99,-99,-99,-99,-99
6,2.000000,653.000000,1198.000000,0.000000,326.500000,599.000000,0.000000,0.000000,0.000000,0.500000,0.000000,0.000000,0.000000,0.000000,0.000000,0.198425,0.000000,0.000000,0.000000,0.198425,0.000000,0.000000,0.198425,0.000000,-0.000000,-nan,0.000000,0.000000,599,327,0,599,326,0,599,327,0,326,599,0,2,0.000000,1.000000,-0.000000,163.000000,     0.000000,     0.000000,   163.000000,   163.000000,   163.000000,   326.000000,2,0.000000,     0.000000,     0.000000,     0.000000,     0.000000,     0.000000,     0.000000,0,0,9,1,0,-99,-99,-99,-99,-99,-99,-99,-99,-99,-99,-99,-99,-99,-99,-99,-99,-99,-99
7,17.000000,5898.000000,10006.000000,0.000000,346.941176,588.588235,0.000000,0.000000,90.117647,6.941176,1.588235,0.000000,0.000000,0.000000,2.061632,0.158794,0.036334,0.000000,0.000000,2.220426,0.326055,0.000000,2.220426,0.571012,-0.000000,1.249345,4.512263,0.000000,589,347,0,584,346,0,593,348,0,346,587,0,16,2.000364,9.001639,0.019085,150.470588,    26.639705,     5.161366,   159.000000,   142.000000,   150.000000,  2558.000000,17,0.000000,     0.000000,     0.000000,     0.000000,     0.000000,     0.000000,     0.000000,0,0,9,1,2,-99,-99,-99,-99,-99,-99,-99,-99,-99,-99,-99,-99,-99,-99,-99,-99,-99,-99
8,12.000000,4253.000000,6536.000000,0.000000,354.416666,544.666666,0.000000,0.000000,10.666666,36.916666,-1.333333,0.000000,0.000000,0.000000,0.388257,1.343736,-0.048532,0.000000,0.000000,1.731994,0.519361,0.000000,1.731994,0.720667,-0.000000,3.062492,1.639462,0.000000,545,354,0,543,351,0,546,357,0,351,546,0,12,3.003847,6.007695,0.050619,160.500000,     3.545454,     1.882937,   163.000000,   157.000000,   160.000000,  1926.000000,12,0.000000,     0.000000,     0.000000,     0.000000,     0.000000,     0.000000,     0.000000,0,0,9,1,0,-99,-99,-99,-99,-99,-99,-99,-99,-99,-99,-99,-99,-99,-99,-99,-99,-99,-99
9,5190.000000,2059911.000000,2620559.000000,0.000000,396.899999,504.924662,0.000000,0.000000,2059765.543159,2549429.099999,580263.899999,0.000000,0.000000,0.000000,22.922464,28.371772,6.457569,0.000000,0.000000,51.294236,608.650740,0.000000,51.294236,24.670847,-0.000000,47.157621,35.626523,0.000000,505,397,0,465,355,0,553,451,0,355,487,0,407,105.605473,115.205971,-0.585763,148.621772,    83.746876,     9.151331,   182.000000,   124.000000,   148.000000,771347.000000,5190,0.000000,     0.000000,     0.000000,     0.000000,     0.000000,     0.000000,     0.000000,0,7,9,2,174,540,372,552,404,534,432,508,449,468,363,484,357,487,355,-99,-99,-99,-99
10,28.000000,10009.000000,18246.000000,0.000000,357.464285,651.642857,0.000000,0.000000,130.428571,94.964285,-34.357142,0.000000,0.000000,0.000000,1.534011,1.116905,-0.404085,0.000000,0.000000,2.650916,1.550060,0.000000,2.650916,1.245014,-0.000000,2.849451,4.074299,0.000000,652,357,0,648,355,0,656,362,0,355,649,0,24,8.196723,9.367684,-0.547171,156.785714,    13.804232,     3.715404,   164.000000,   150.000000,   156.000000,  4390.000000,28,0.000000,     0.000000,     0.000000,     0.000000,     0.000000,     0.000000,     0.000000,0,0,9,1,0,-99,-99,-99,-99,-99,-99,-99,-99,-99,-99,-99,-99,-99,-99,-99,-99,-99,-99
11,18.000000,6582.000000,9689.000000,0.000000,365.666666,538.277777,0.000000,0.000000,41.611111,27.999999,-16.333333,0.000000,0.000000,0.000000,0.882089,0.593555,-0.346240,0.000000,0.000000,1.475645,0.403686,0.000000,1.475645,0.635363,-0.000000,1.877962,3.289481,0.000000,538,366,0,535,363,0,540,367,0,363,540,0,16,4.807401,6.009252,-0.588002,152.500000,    25.558823,     5.055573,   164.000000,   143.000000,   153.000000,  2745.000000,18,0.000000,     0.000000,     0.000000,     0.000000,     0.000000,     0.000000,     0.000000,0,0,9,1,0,-99,-99,-99,-99,-99,-99,-99,-99,-99,-99,-99,-99,-99,-99,-99,-99,-99,-99
12,4.000000,1466.000000,2680.000000,0.000000,366.500000,670.000000,0.000000,0.000000,0.000000,5.000000,0.000000,0.000000,0.000000,0.000000,0.000000,0.787450,0.000000,0.000000,0.000000,0.787450,0.000000,0.000000,0.787450,0.000000,-0.000000,-nan,0.000000,0.000000,670,367,0,670,365,0,670,368,0,365,670,0,4,0.000000,3.000000,-0.000000,151.000000,     2.000000,     1.414213,   152.000000,   149.000000,   151.000000,   604.000000,4,0.000000,     0.000000,     0.000000,     0.000000,     0.000000,     0.000000,     0.000000,0,0,9,1,0,-99,-99,-99,-99,-99,-99,-99,-99,-99,-99,-99,-99,-99,-99,-99,-99,-99,-99
13,5613.000000,2373802.000000,2451918.000000,0.000000,422.911455,436.828433,0.000000,0.000000,5032525.781933,3245260.993407,2992041.731693,0.000000,0.000000,0.000000,50.449781,32.532909,29.994451,0.000000,0.000000,82.982690,741.611049,0.000000,82.982690,27.232536,-0.000000,26.376940,70.507944,0.000000,437,423,0,366,374,0,504,469,0,374,390,0,516,118.464441,172.085189,0.640280,143.940673,    93.126736,     9.650219,   182.000000,   119.000000,   142.000000,807939.000000,5613,0.000000,     0.000000,     0.000000,     0.000000,     0.000000,     0.000000,     0.000000,0,8,9,1,342,504,457,481,466,479,468,468,466,366,404,387,394,390,375,404,374,-99,-99
14,3.000000,1125.000000,1257.000000,0.000000,375.000000,419.000000,0.000000,0.000000,2.000000,2.000000,2.000000,0.000000,0.000000,0.000000,0.462240,0.462240,0.462240,0.000000,0.000000,0.924481,0.000000,0.000000,0.924481,0.000000,-0.000000,-nan,-nan,0.000000,419,375,0,418,374,0,420,376,0,374,418,0,3,2.828427,2.828427,0.785398,159.666666,    10.333333,     3.214550,   162.000000,   156.000000,   161.000000,   479.000000,3,0.000000,     0.000000,     0.000000,     0.000000,     0.000000,     0.000000,     0.000000,0,0,9,1,0,-99,-99,-99,-99,-99,-99,-99,-99,-99,-99,-99,-99,-99,-99,-99,-99,-99,-99
15,8.000000,3101.000000,5055.000000,0.000000,387.625000,631.875000,0.000000,0.000000,4.875000,7.875000,-3.375000,0.000000,0.000000,0.000000,0.304687,0.492187,-0.210937,0.000000,0.000000,0.796875,0.105468,0.000000,0.796875,0.324759,-0.000000,2.232469,1.152153,0.000000,632,388,0,631,386,0,633,389,0,386,633,0,8,2.385233,3.577850,0.576285,159.750000,     3.642857,     1.908627,   163.000000,   158.000000,   159.000000,  1278.000000,8,0.000000,     0.000000,     0.000000,     0.000000,     0.000000,     0.000000,     0.000000,0,0,9,1,0,-99,-99,-99,-99,-99,-99,-99,-99,-99,-99,-99,-99,-99,-99,-99,-99,-99,-99
16,9.000000,3515.000000,4933.000000,0.000000,390.555555,548.111111,0.000000,0.000000,12.888888,14.222222,11.444444,0.000000,0.000000,0.000000,0.688481,0.759703,0.611323,0.000000,0.000000,1.448184,0.149324,0.000000,1.448184,0.386425,-0.000000,3.239803,0.936765,0.000000,548,391,0,546,389,0,550,393,0,389,546,0,9,5.499213,5.499213,-0.756304,151.666666,     5.750000,     2.397915,   156.000000,   149.000000,   151.000000,  1365.000000,9,0.000000,     0.000000,     0.000000,     0.000000,     0.000000,     0.000000,     0.000000,0,0,9,1,0,-99,-99,-99,-99,-99,-99,-99,-99,-99,-99,-99,-99,-99,-99,-99,-99,-99,-99
17,4.000000,1571.000000,2402.000000,0.000000,392.750000,600.500000,0.000000,0.000000,5.000000,0.750000,-1.500000,0.000000,0.000000,0.000000,0.787450,0.118117,-0.236235,0.000000,0.000000,0.905568,0.037204,0.000000,0.905568,0.192885,-0.000000,0.528477,2.362931,0.000000,601,393,0,599,392,0,602,393,0,392,602,0,4,1.049159,3.147477,-0.307331,153.750000,     4.916666,     2.217355,   156.000000,   151.000000,   153.000000,   615.000000,4,0.000000,     0.000000,     0.000000,     0.000000,     0.000000,     0.000000,     0.000000,0,0,9,1,0,-99,-99,-99,-99,-99,-99,-99,-99,-99,-99,-99,-99,-99,-99,-99,-99,-99,-99
18,4841.000000,2161204.000000,3281715.000000,0.000000,446.437512,677.900227,0.000000,0.000000,1782520.809749,2292159.347655,265139.318735,0.000000,0.000000,0.000000,21.766461,27.989686,3.237631,0.000000,0.000000,49.756147,598.754169,0.000000,49.756147,24.469453,-0.000000,43.784905,36.480952,0.000000,678,446,0,640,403,0,721,494,0,403,658,0,421,88.039947,98.909076,-0.402621,150.619293,   129.581272,    11.383377,   223.000000,   120.000000,   150.000000,729148.000000,4841,255.000000,     0.000000,     0.000000,   255.000000,   255.000000,   255.000000,1234455.000000,4841,5,9,2,177,702,411,721,441,704,492,687,491,654,405,-99,-99,-99,-99,-99,-99,-99,-99
19,2.000000,808.000000,1293.000000,0.000000,404.000000,646.500000,0.000000,0.000000,0.500000,0.000000,0.000000,0.000000,0.000000,0.000000,0.198425,0.000000,0.000000,0.000000,0.000000,0.198425,0.000000,0.000000,0.198425,0.000000,-0.000000,0.000000,inf,0.000000,647,404,0,646,404,0,647,404,0,404,646,0,2,0.000000,1.000000,0.000000,161.500000,    12.500000,     3.535533,   164.000000,   159.000000,   159.000000,   323.000000,2,0.000000,     0.000000,     0.000000,     0.000000,     0.000000,     0.000000,     0.000000,0,0,9,1,0,-99,-99,-99,-99,-99,-99,-99,-99,-99,-99,-99,-99,-99,-99,-99,-99,-99,-99
20,5424.000000,2510213.000000,3011428.000000,0.000000,462.797382,555.204277,0.000000,0.000000,2123025.660766,2811218.322823,15941.500737,0.000000,0.000000,0.000000,22.277288,29.498617,0.167277,0.000000,0.000000,51.775906,657.121247,0.000000,51.775906,25.634376,-0.000000,45.053071,39.146098,0.000000,555,463,0,508,409,0,595,517,0,409,554,0,433,87.023313,108.028940,-0.023147,148.737094,    94.429484,     9.717483,   183.000000,   121.000000,   150.000000,806750.000000,5424,255.000000,     0.000000,     0.000000,   255.000000,   255.000000,   255.000000,1383120.000000,5424,6,9,2,174,565,417,588,430,575,508,558,516,508,456,554,409,-99,-99,-99,-99,-99,-99
21,122.000000,50754.000000,75913.000000,0.000000,416.016393,622.237704,0.000000,0.000000,4100.106557,1117.967213,-1642.475409,0.000000,0.000000,0.000000,6.776134,1.847634,-2.714474,0.000000,0.000000,8.623768,5.151445,0.000000,8.623768,2.269679,-0.000000,3.449096,12.123793,0.000000,622,416,0,610,410,0,633,421,0,410,624,0,68,12.030098,25.153841,-0.416839,151.139344,    32.980422,     5.742858,   164.000000,   136.000000,   152.000000, 18439.000000,122,0.000000,     0.000000,     0.000000,     0.000000,     0.000000,     0.000000,     0.000000,0,4,9,1,24,612,420,611,420,612,419,611,419,-99,-99,-99,-99,-99,-99,-99,-99,-99,-99
22,6448.000000,3064027.000000,2502722.000000,0.000000,475.190291,388.139267,0.000000,0.000000,3604364.937344,3755225.512250,801846.118175,0.000000,0.000000,0.000000,30.032769,31.289790,6.681249,0.000000,0.000000,61.322559,895.079971,0.000000,61.322559,29.917887,-0.000000,51.680471,41.372402,0.000000,388,475,0,341,413,0,442,520,0,413,364,0,432,136.582716,144.696541,-0.738500,143.613988,    86.142115,     9.281277,   174.000000,   123.000000,   142.000000,926023.000000,6448,255.000000,     0.000000,     0.000000,   255.000000,   255.000000,   255.000000,1644240.000000,6448,3,9,2,177,441,495,342,499,364,413,-99,-99,-99,-99,-99,-99,-99,-99,-99,-99,-99,-99
23,1.000000,415.000000,562.000000,0.000000,415.000000,562.000000,0.000000,0.000000,0.000000,0.000000,0.000000,0.000000,0.000000,0.000000,0.000000,0.000000,0.000000,0.000000,0.000000,0.000000,0.000000,0.000000,0.000000,0.000000,-0.000000,-nan,-nan,0.000000,562,415,0,562,415,0,562,415,0,415,562,0,1,0.000000,0.000000,-nan,0.000000,     0.000000,     0.000000,   162.000000,   162.000000,   162.000000,   162.000000,1,0.000000,     0.000000,     0.000000,     0.000000,     0.000000,     0.000000,     0.000000,0,0,9,1,0,-99,-99,-99,-99,-99,-99,-99,-99,-99,-99,-99,-99,-99,-99,-99,-99,-99,-99
24,1517.000000,669515.000000,936444.000000,0.000000,441.341463,617.299934,0.000000,0.000000,246334.529993,174081.121951,-52300.365853,0.000000,0.000000,0.000000,14.132245,9.987057,-3.000479,0.000000,0.000000,24.119303,132.136683,0.000000,24.119303,11.495072,-0.000000,19.226577,26.270357,0.000000,617,441,0,593,416,0,641,461,0,416,637,0,213,50.816718,54.204499,-0.483151,147.911008,    67.108829,     8.191997,   177.000000,   119.000000,   148.000000,224381.000000,1517,0.000000,     0.000000,     0.000000,     0.000000,     0.000000,     0.000000,     0.000000,0,4,9,3,105,639,420,595,454,594,446,594,435,-99,-99,-99,-99,-99,-99,-99,-99,-99,-99
25,5.000000,2107.000000,1925.000000,0.000000,421.399999,385.000000,0.000000,0.000000,10.000000,1.199999,3.000000,0.000000,0.000000,0.000000,1.169607,0.140352,0.350882,0.000000,0.000000,1.309959,0.041039,0.000000,1.309959,0.202581,-0.000000,0.485209,3.060597,0.000000,385,421,0,383,421,0,387,422,0,421,383,0,5,1.046496,4.185984,0.299209,157.399999,    14.300000,     3.781534,   161.000000,   152.000000,   157.000000,   787.000000,5,0.000000,     0.000000,     0.000000,     0.000000,     0.000000,     0.000000,     0.000000,0,0,9,1,0,-99,-99,-99,-99,-99,-99,-99,-99,-99,-99,-99,-99,-99,-99,-99,-99,-99,-99
26,12.000000,5101.000000,5773.000000,0.000000,425.083333,481.083333,0.000000,0.000000,26.916666,26.916666,19.916666,0.000000,0.000000,0.000000,0.979744,0.979744,0.724950,0.000000,0.000000,1.959489,0.434346,0.000000,1.959489,0.659049,-0.000000,3.524101,1.362447,0.000000,481,425,0,478,423,0,483,428,0,423,480,0,12,7.071067,7.071067,-0.785398,159.333333,    14.060606,     3.749747,   165.000000,   151.000000,   159.000000,  1912.000000,12,0.000000,     0.000000,     0.000000,     0.000000,     0.000000,     0.000000,     0.000000,0,0,9,1,0,-99,-99,-99,-99,-99,-99,-99,-99,-99,-99,-99,-99,-99,-99,-99,-99,-99,-99
27,7408.000000,3997534.000000,4423199.000000,0.000000,539.623920,597.084098,0.000000,0.000000,3617328.606775,9919488.241357,-3449316.702212,0.000000,0.000000,0.000000,25.048784,68.689122,-23.885358,0.000000,0.000000,93.737907,1150.068686,0.000000,93.737907,33.912662,-0.000000,76.375926,32.694911,0.000000,597,540,0,551,459,0,643,599,0,459,638,0,524,100.545901,153.004632,0.415276,145.151457,   100.839754,    10.041899,   197.000000,   120.000000,   145.000000,1075282.000000,7408,255.000000,     0.000000,     0.000000,   255.000000,   255.000000,   255.000000,1889040.000000,7408,5,9,1,357,638,460,611,597,606,599,592,599,554,598,-99,-99,-99,-99,-99,-99,-99,-99
28,5.000000,2332.000000,2996.000000,0.000000,466.399999,599.199999,0.000000,0.000000,2.799999,5.199999,-3.399999,0.000000,0.000000,0.000000,0.327489,0.608195,-0.397666,0.000000,0.000000,0.935685,0.041039,0.000000,0.935685,0.202581,-0.000000,2.553599,0.581544,0.000000,599,466,0,598,465,0,600,468,0,465,600,0,5,2.449961,3.674941,0.615751,150.199999,    11.700000,     3.420526,   153.000000,   146.000000,   152.000000,   751.000000,5,0.000000,     0.000000,     0.000000,     0.000000,     0.000000,     0.000000,     0.000000,0,0,9,1,0,-99,-99,-99,-99,-99,-99,-99,-99,-99,-99,-99,-99,-99,-99,-99,-99,-99,-99
29,3.000000,1413.000000,1790.000000,0.000000,471.000000,596.666666,0.000000,0.000000,0.666666,2.000000,-1.000000,0.000000,0.000000,0.000000,0.154080,0.462240,-0.231120,0.000000,0.000000,0.616321,0.017805,0.000000,0.616321,0.133437,-0.000000,1.940315,0.441877,0.000000,597,471,0,596,470,0,597,472,0,470,597,0,3,1.134205,2.268410,0.491396,151.333333,     9.333333,     3.055050,   154.000000,   148.000000,   152.000000,   454.000000,3,0.000000,     0.000000,     0.000000,     0.000000,     0.000000,     0.000000,     0.000000,0,0,9,1,0,-99,-99,-99,-99,-99,-99,-99,-99,-99,-99,-99,-99,-99,-99,-99,-99,-99,-99
30,34.000000,16500.000000,21872.000000,0.000000,485.294117,643.294117,0.000000,0.000000,101.058823,301.058823,-143.941176,0.000000,0.000000,0.000000,0.917492,2.733250,-1.306812,0.000000,0.000000,3.650742,0.799978,0.000000,3.650742,0.894414,-0.000000,6.540827,1.712291,0.000000,643,485,0,640,480,0,646,491,0,480,645,0,30,6.770799,12.413132,0.481808,150.147058,    11.462566,     3.385641,   158.000000,   144.000000,   150.000000,  5105.000000,34,0.000000,     0.000000,     0.000000,     0.000000,     0.000000,     0.000000,     0.000000,0,0,9,1,0,-99,-99,-99,-99,-99,-99,-99,-99,-99,-99,-99,-99,-99,-99,-99,-99,-99,-99
31,5881.000000,3158773.000000,3910570.000000,0.000000,537.114946,664.949838,0.000000,0.000000,2774702.202345,3183916.296207,-825119.090800,0.000000,0.000000,0.000000,26.138548,29.993471,-7.772875,0.000000,0.000000,56.132020,723.568223,0.000000,56.132020,26.899223,-0.000000,50.567941,37.706576,0.000000,665,537,0,625,494,0,716,585,0,494,675,0,385,115.538287,115.538287,0.663863,146.411494,    91.085745,     9.543885,   174.000000,   121.000000,   146.000000,861046.000000,5881,0.000000,     0.000000,     0.000000,     0.000000,     0.000000,     0.000000,     0.000000,0,6,9,1,348,696,496,698,498,709,509,711,511,715,515,625,585,-99,-99,-99,-99,-99,-99
32,12.000000,6046.000000,6041.000000,0.000000,503.833333,503.416666,0.000000,0.000000,18.916666,7.666666,3.833333,0.000000,0.000000,0.000000,0.688551,0.279060,0.139530,0.000000,0.000000,0.967611,0.172678,0.000000,0.967611,0.415546,-0.000000,1.471600,2.590771,0.000000,503,504,0,501,503,0,505,505,0,503,501,0,11,2.092917,4.185835,0.299094,144.416666,    21.537878,     4.640892,   154.000000,   138.000000,   143.000000,  1733.000000,12,0.000000,     0.000000,     0.000000,     0.000000,     0.000000,     0.000000,     0.000000,0,0,9,1,0,-99,-99,-99,-99,-99,-99,-99,-99,-99,-99,-99,-99,-99,-99,-99,-99,-99,-99
33,7696.000000,4530070.000000,5770424.000000,0.000000,588.626559,749.795218,0.000000,0.000000,3536859.264032,11916250.731285,4235726.457379,0.000000,0.000000,0.000000,23.277215,78.424703,27.876687,0.000000,0.000000,101.701919,1048.399075,0.000000,101.701919,32.378991,-0.000000,83.435635,29.997047,0.000000,750,589,0,703,511,0,793,674,0,511,735,0,514,97.526010,176.630440,-0.395430,146.112655,   104.106475,    10.203258,   199.000000,   123.000000,   145.000000,1124483.000000,7696,255.000000,     0.000000,     0.000000,   255.000000,   255.000000,   255.000000,1962480.000000,7696,3,9,1,354,776,674,708,537,735,511,-99,-99,-99,-99,-99,-99,-99,-99,-99,-99,-99,-99
34,35.000000,18493.000000,17443.000000,0.000000,528.371428,498.371428,0.000000,0.000000,152.171428,94.171428,-35.828571,0.000000,0.000000,0.000000,1.329155,0.822548,-0.312947,0.000000,0.000000,2.151704,0.995358,0.000000,2.151704,0.997676,-0.000000,2.852682,4.227418,0.000000,498,528,0,495,524,0,502,531,0,524,501,0,24,7.755917,7.755917,-0.445171,153.542857,    20.784873,     4.559043,   161.000000,   144.000000,   155.000000,  5374.000000,35,0.000000,     0.000000,     0.000000,     0.000000,     0.000000,     0.000000,     0.000000,0,0,9,1,0,-99,-99,-99,-99,-99,-99,-99,-99,-99,-99,-99,-99,-99,-99,-99,-99,-99,-99
35,10.000000,5339.000000,4360.000000,0.000000,533.899999,436.000000,0.000000,0.000000,6.000000,12.899999,-3.000000,0.000000,0.000000,0.000000,0.278495,0.598764,-0.139247,0.000000,0.000000,0.877260,0.147363,0.000000,0.877260,0.383879,-0.000000,2.345575,1.383469,0.000000,436,534,0,435,532,0,437,536,0,532,437,0,10,2.135282,4.270564,0.357871,158.799999,    12.177777,     3.489667,   164.000000,   154.000000,   158.000000,  1588.000000,10,0.000000,     0.000000,     0.000000,     0.000000,     0.000000,     0.000000,     0.000000,0,0,9,1,0,-99,-99,-99,-99,-99,-99,-99,-99,-99,-99,-99,-99,-99,-99,-99,-99,-99,-99
36,5.000000,2692.000000,2191.000000,0.000000,538.399999,438.199999,0.000000,0.000000,2.799999,1.199999,0.599999,0.000000,0.000000,0.000000,0.327489,0.140352,0.070176,0.000000,0.000000,0.467842,0.041039,0.000000,0.467842,0.202581,-0.000000,0.925949,1.603791,0.000000,438,538,0,437,538,0,439,539,0,538,437,0,5,1.054092,2.108185,0.321750,160.399999,     9.300000,     3.049590,   162.000000,   155.000000,   162.000000,   802.000000,5,0.000000,     0.000000,     0.000000,     0.000000,     0.000000,     0.000000,     0.000000,0,0,9,1,0,-99,-99,-99,-99,-99,-99,-99,-99,-99,-99,-99,-99,-99,-99,-99,-99,-99,-99
37,1.000000,542.000000,442.000000,0.000000,542.000000,442.000000,0.000000,0.000000,0.000000,0.000000,0.000000,0.000000,0.000000,0.000000,0.000000,0.000000,0.000000,0.000000,0.000000,0.000000,0.000000,0.000000,0.000000,0.000000,-0.000000,-nan,-nan,0.000000,442,542,0,442,542,0,442,542,0,542,442,0,1,0.000000,0.000000,-nan,0.000000,     0.000000,     0.000000,   160.000000,   160.000000,   160.000000,   160.000000,1,0.000000,     0.000000,     0.000000,     0.000000,     0.000000,     0.000000,     0.000000,0,0,9,1,0,-99,-99,-99,-99,-99,-99,-99,-99,-99,-99,-99,-99,-99,-99,-99,-99,-99,-99
38,28.000000,15242.000000,14033.000000,0.000000,544.357142,501.178571,0.000000,0.000000,112.107142,58.428571,30.214285,0.000000,0.000000,0.000000,1.318527,0.687196,0.355359,0.000000,0.000000,2.005724,0.779807,0.000000,2.005724,0.883067,-0.000000,2.416826,4.045558,0.000000,501,544,0,497,542,0,504,547,0,542,501,0,24,5.481419,7.673987,0.422242,157.285714,    16.433862,     4.053870,   166.000000,   150.000000,   157.000000,  4404.000000,28,0.000000,     0.000000,     0.000000,     0.000000,     0.000000,     0.000000,     0.000000,0,0,9,1,0,-99,-99,-99,-99,-99,-99,-99,-99,-99,-99,-99,-99,-99,-99,-99,-99,-99,-99
39,7.000000,3819.000000,2977.000000,0.000000,545.571428,425.285714,0.000000,0.000000,7.428571,1.714285,0.857142,0.000000,0.000000,0.000000,0.554763,0.128022,0.064011,0.000000,0.000000,0.682785,0.066924,0.000000,0.682785,0.258698,-0.000000,0.981344,2.140075,0.000000,425,546,0,424,545,0,427,546,0,545,424,0,7,1.010713,3.032139,0.145728,163.714285,     5.238095,     2.288688,   168.000000,   161.000000,   163.000000,  1146.000000,7,0.000000,     0.000000,     0.000000,     0.000000,     0.000000,     0.000000,     0.000000,0,0,9,1,0,-99,-99,-99,-99,-99,-99,-99,-99,-99,-99,-99,-99,-99,-99,-99,-99,-99,-99
40,4.000000,2190.000000,1718.000000,0.000000,547.500000,429.500000,0.000000,0.000000,1.000000,1.000000,0.000000,0.000000,0.000000,0.000000,0.157490,0.157490,0.000000,0.000000,0.000000,0.314980,0.024803,0.000000,0.314980,0.157490,-0.000000,-nan,-nan,0.000000,430,548,0,429,547,0,430,548,0,547,429,0,4,1.000000,1.000000,-nan,160.500000,     4.333333,     2.081665,   163.000000,   158.000000,   160.000000,   642.000000,4,0.000000,     0.000000,     0.000000,     0.000000,     0.000000,     0.000000,     0.000000,0,0,9,1,0,-99,-99,-99,-99,-99,-99,-99,-99,-99,-99,-99,-99,-99,-99,-99,-99,-99,-99
41,36.000000,19957.000000,18071.000000,0.000000,554.361111,501.972222,0.000000,0.000000,278.972222,50.305555,46.361111,0.000000,0.000000,0.000000,2.346880,0.423200,0.390017,0.000000,0.000000,2.770080,0.841086,0.000000,2.770080,0.917107,-0.000000,2.111730,5.579070,0.000000,502,554,0,497,552,0,507,556,0,552,498,0,27,4.075366,10.188415,0.192615,153.722222,    47.749206,     6.910080,   169.000000,   140.000000,   153.000000,  5534.000000,36,0.000000,     0.000000,     0.000000,     0.000000,     0.000000,     0.000000,     0.000000,0,0,9,1,0,-99,-99,-99,-99,-99,-99,-99,-99,-99,-99,-99,-99,-99,-99,-99,-99,-99,-99
42,5251.000000,3224683.000000,1976082.000000,0.000000,614.108360,376.324890,0.000000,0.000000,2589179.736811,3644479.342981,1557960.137306,0.000000,0.000000,0.000000,28.368704,39.931240,17.070005,0.000000,0.000000,68.299945,841.412500,0.000000,68.299945,29.007111,-0.000000,57.464881,31.949651,0.000000,376,614,0,317,556,0,427,671,0,556,333,0,515,135.360563,141.513316,-0.622120,149.291182,   120.396529,    10.972535,   183.000000,   119.000000,   149.000000,783928.000000,5251,255.000000,     0.000000,     0.000000,   255.000000,   255.000000,   255.000000,1339005.000000,5251,7,9,1,350,426,611,421,623,380,671,317,571,326,563,329,560,332,557,-99,-99,-99,-99
43,5.000000,2790.000000,2330.000000,0.000000,558.000000,466.000000,0.000000,0.000000,10.000000,0.000000,0.000000,0.000000,0.000000,0.000000,1.169607,0.000000,0.000000,0.000000,0.000000,1.169607,0.000000,0.000000,1.169607,0.000000,-0.000000,0.000000,inf,0.000000,466,558,0,464,558,0,468,558,0,558,464,0,5,0.000000,4.000000,0.000000,151.000000,     5.000000,     2.236067,   154.000000,   148.000000,   151.000000,   755.000000,5,0.000000,     0.000000,     0.000000,     0.000000,     0.000000,     0.000000,     0.000000,0,0,9,1,0,-99,-99,-99,-99,-99,-99,-99,-99,-99,-99,-99,-99,-99,-99,-99,-99,-99,-99
44,8.000000,4482.000000,3483.000000,0.000000,560.250000,435.375000,0.000000,0.000000,3.875000,7.500000,1.250000,0.000000,0.000000,0.000000,0.242187,0.468750,0.078125,0.000000,0.000000,0.710937,0.107421,0.000000,0.710937,0.327752,-0.000000,1.971644,1.310568,0.000000,435,560,0,434,559,0,436,562,0,559,435,0,8,2.094721,3.142082,-0.301874,161.625000,     2.267857,     1.505940,   163.000000,   159.000000,   162.000000,  1293.000000,8,0.000000,     0.000000,     0.000000,     0.000000,     0.000000,     0.000000,     0.000000,0,0,9,1,0,-99,-99,-99,-99,-99,-99,-99,-99,-99,-99,-99,-99,-99,-99,-99,-99,-99,-99
45,3220.000000,1890434.000000,1630983.000000,0.000000,587.091304,506.516459,0.000000,0.000000,1128370.127639,807539.156521,-416059.839130,0.000000,0.000000,0.000000,23.730692,16.983313,-8.750132,0.000000,0.000000,40.714006,326.460976,0.000000,40.714006,18.068231,-0.000000,25.209583,41.487550,0.000000,507,587,0,467,559,0,547,617,0,559,494,0,281,70.341908,97.023321,-0.601400,147.670807,    68.384919,     8.269517,   173.000000,   123.000000,   148.000000,475500.000000,3220,0.000000,     0.000000,     0.000000,     0.000000,     0.000000,     0.000000,     0.000000,0,3,9,2,171,546,565,468,604,495,560,-99,-99,-99,-99,-99,-99,-99,-99,-99,-99,-99,-99
46,4546.000000,2815456.000000,3050787.000000,0.000000,619.326000,671.092608,0.000000,0.000000,2033808.011658,2271180.866695,-1327569.246370,0.000000,0.000000,0.000000,27.006649,30.158690,-17.628604,0.000000,0.000000,57.165340,503.717481,0.000000,57.165340,22.443651,-0.000000,55.000681,26.671863,0.000000,671,619,0,624,567,0,713,665,0,567,700,0,404,120.609595,132.806071,0.740816,145.828640,    81.976570,     9.054091,   175.000000,   121.000000,   146.000000,662937.000000,4546,0.000000,     0.000000,     0.000000,     0.000000,     0.000000,     0.000000,     0.000000,0,5,9,2,171,701,568,642,665,639,660,627,658,626,643,-99,-99,-99,-99,-99,-99,-99,-99
47,7110.000000,4623270.000000,2281897.000000,0.000000,650.248945,320.941912,0.000000,0.000000,3001241.009985,9315309.367085,-158273.185654,0.000000,0.000000,0.000000,21.952032,68.135139,-1.157660,0.000000,0.000000,90.087171,1494.364618,0.000000,90.087171,38.657012,-0.000000,67.632426,38.355469,0.000000,321,650,0,270,572,0,375,709,0,572,307,0,516,105.032941,137.042980,0.025045,144.791701,   116.323605,    10.785342,   186.000000,   116.000000,   146.000000,1029469.000000,7110,255.000000,     0.000000,     0.000000,   255.000000,   255.000000,   255.000000,1813050.000000,7110,6,9,1,344,375,675,277,705,275,703,270,698,298,581,308,572,-99,-99,-99,-99,-99,-99
48,4935.000000,3291249.000000,2846801.000000,0.000000,666.919756,576.859371,0.000000,0.000000,1608502.404052,3259818.223707,-1020024.688753,0.000000,0.000000,0.000000,19.144271,38.798104,-12.140254,0.000000,0.000000,57.942375,595.375642,0.000000,57.942375,24.400320,-0.000000,54.336812,29.733778,0.000000,577,667,0,537,603,0,612,714,0,603,592,0,439,83.098652,122.986005,0.445160,147.321580,    84.357245,     9.184620,   175.000000,   121.000000,   148.000000,727032.000000,4935,255.000000,     0.000000,     0.000000,   255.000000,   255.000000,   255.000000,1258425.000000,4935,7,9,1,341,597,603,611,626,611,636,574,714,551,712,541,708,539,706,-99,-99,-99,-99
49,10591.000000,7241125.000000,7514022.000000,0.000000,683.705504,709.472382,0.000000,0.000000,9591371.671792,9643934.469072,-794980.639882,0.000000,0.000000,0.000000,41.238047,41.464041,-3.418014,0.000000,0.000000,82.702088,1698.213280,0.000000,82.702088,41.209383,-0.000000,61.605884,56.705114,0.000000,709,684,0,637,608,0,772,741,0,608,715,0,550,185.057987,187.840814,0.768874,146.850061,   118.128035,    10.868672,   190.000000,   122.000000,   147.000000,1555289.000000,10591,255.000000,     0.000000,     0.000000,   255.000000,   255.000000,   255.000000,2700705.000000,10591,7,9,1,360,716,608,725,613,772,677,756,733,644,698,637,677,640,671,-99,-99,-99,-99
50,6052.000000,4033348.000000,3041570.000000,0.000000,666.448777,502.572703,0.000000,0.000000,3722417.010574,3120521.120950,-1459925.461995,0.000000,0.000000,0.000000,33.751504,28.294057,-13.237281,0.000000,0.000000,62.045561,779.741392,0.000000,62.045561,27.923849,-0.000000,35.235037,56.199688,0.000000,503,666,0,451,611,0,549,709,0,611,545,0,430,126.417715,126.417715,-0.683752,146.200925,   116.878478,    10.811035,   178.000000,   118.000000,   146.000000,884808.000000,6052,255.000000,     0.000000,     0.000000,   255.000000,   255.000000,   255.000000,1543260.000000,6052,4,9,2,177,547,611,471,706,456,700,451,679,-99,-99,-99,-99,-99,-99,-99,-99,-99,-99
51,15.000000,9268.000000,6856.000000,0.000000,617.866666,457.066666,0.000000,0.000000,26.933333,105.733333,47.133333,0.000000,0.000000,0.000000,0.728062,2.858184,1.274108,0.000000,0.000000,3.586246,0.457582,0.000000,3.586246,0.676448,-0.000000,5.368404,1.051448,0.000000,457,618,0,454,614,0,459,622,0,614,454,0,15,5.519291,8.830867,-0.437264,152.666666,    18.666666,     4.320493,   163.000000,   147.000000,   152.000000,  2290.000000,15,0.000000,     0.000000,     0.000000,     0.000000,     0.000000,     0.000000,     0.000000,0,0,9,1,0,-99,-99,-99,-99,-99,-99,-99,-99,-99,-99,-99,-99,-99,-99,-99,-99,-99,-99
52,2504.000000,1631981.000000,1073731.000000,0.000000,651.749600,428.806309,0.000000,0.000000,761861.060303,565201.999600,-372751.443690,0.000000,0.000000,0.000000,22.405949,16.622305,-10.962431,0.000000,0.000000,39.028254,252.263618,0.000000,39.028254,15.882808,-0.000000,20.661531,40.133997,0.000000,429,652,0,386,617,0,459,678,0,617,432,0,273,77.003620,92.151874,-0.656438,144.511581,    48.933145,     6.995223,   170.000000,   126.000000,   144.000000,361857.000000,2504,0.000000,     0.000000,     0.000000,     0.000000,     0.000000,     0.000000,     0.000000,0,5,9,2,168,431,621,435,619,459,630,388,675,428,621,-99,-99,-99,-99,-99,-99,-99,-99
53,2.000000,1245.000000,1245.000000,0.000000,622.500000,622.500000,0.000000,0.000000,0.500000,0.500000,-0.500000,0.000000,0.000000,0.000000,0.198425,0.198425,-0.198425,0.000000,0.000000,0.396850,0.000000,0.000000,0.396850,0.000000,-0.000000,-nan,-nan,0.000000,623,623,0,622,622,0,623,623,0,622,623,0,2,1.414213,1.414213,-0.785398,159.500000,     4.500000,     2.121320,   161.000000,   158.000000,   158.000000,   319.000000,2,0.000000,     0.000000,     0.000000,     0.000000,     0.000000,     0.000000,     0.000000,0,0,9,1,0,-99,-99,-99,-99,-99,-99,-99,-99,-99,-99,-99,-99,-99,-99,-99,-99,-99,-99
54,77.000000,49062.000000,47481.000000,0.000000,637.168831,616.636363,0.000000,0.000000,201.818181,4440.805194,-489.272727,0.000000,0.000000,0.000000,0.616083,13.556287,-1.493585,0.000000,0.000000,14.172370,6.121002,0.000000,14.172370,2.474066,-0.000000,13.350082,2.406230,0.000000,617,637,0,615,625,0,620,653,0,625,620,0,63,5.032342,28.181115,0.113435,157.896103,    15.831168,     3.978840,   167.000000,   149.000000,   158.000000, 12158.000000,77,0.000000,     0.000000,     0.000000,     0.000000,     0.000000,     0.000000,     0.000000,0,2,9,1,17,615,653,619,627,-99,-99,-99,-99,-99,-99,-99,-99,-99,-99,-99,-99,-99,-99
55,1.000000,659.000000,625.000000,0.000000,659.000000,625.000000,0.000000,0.000000,0.000000,0.000000,0.000000,0.000000,0.000000,0.000000,0.000000,0.000000,0.000000,0.000000,0.000000,0.000000,0.000000,0.000000,0.000000,0.000000,-0.000000,-nan,-nan,0.000000,625,659,0,625,659,0,625,659,0,659,625,0,1,0.000000,0.000000,-nan,0.000000,     0.000000,     0.000000,   152.000000,   152.000000,   152.000000,   152.000000,1,0.000000,     0.000000,     0.000000,     0.000000,     0.000000,     0.000000,     0.000000,0,0,9,1,0,-99,-99,-99,-99,-99,-99,-99,-99,-99,-99,-99,-99,-99,-99,-99,-99,-99,-99
56,1.000000,675.000000,617.000000,0.000000,675.000000,617.000000,0.000000,0.000000,0.000000,0.000000,0.000000,0.000000,0.000000,0.000000,0.000000,0.000000,0.000000,0.000000,0.000000,0.000000,0.000000,0.000000,0.000000,0.000000,-0.000000,-nan,-nan,0.000000,617,675,0,617,675,0,617,675,0,675,617,0,1,0.000000,0.000000,-nan,0.000000,     0.000000,     0.000000,   155.000000,   155.000000,   155.000000,   155.000000,1,0.000000,     0.000000,     0.000000,     0.000000,     0.000000,     0.000000,     0.000000,0,0,9,1,0,-99,-99,-99,-99,-99,-99,-99,-99,-99,-99,-99,-99,-99,-99,-99,-99,-99,-99
57,10.000000,6771.000000,3806.000000,0.000000,677.099999,380.599999,0.000000,0.000000,20.399999,8.899999,-8.599999,0.000000,0.000000,0.000000,0.946884,0.413101,-0.399176,0.000000,0.000000,1.359985,0.231817,0.000000,1.359985,0.481473,-0.000000,1.228086,2.959232,0.000000,381,677,0,378,676,0,383,679,0,676,380,0,10,3.401396,5.668994,-0.490726,142.299999,    14.233333,     3.772709,   148.000000,   137.000000,   141.000000,  1423.000000,10,0.000000,     0.000000,     0.000000,     0.000000,     0.000000,     0.000000,     0.000000,0,0,9,1,0,-99,-99,-99,-99,-99,-99,-99,-99,-99,-99,-99,-99,-99,-99,-99,-99,-99,-99
58,8036.000000,6007428.000000,5106661.000000,0.000000,747.564459,635.472996,0.000000,0.000000,4022877.140242,8020537.609753,1918660.487804,0.000000,0.000000,0.000000,24.992912,49.829161,11.920054,0.000000,0.000000,74.822073,1103.288162,0.000000,74.822073,33.215781,-0.000000,65.503491,39.831145,0.000000,635,748,0,590,678,0,686,812,0,678,621,0,462,103.476565,144.436039,-0.382468,147.149079,   105.460286,    10.269385,   179.000000,   117.000000,   147.000000,1182490.000000,8036,255.000000,     0.000000,     0.000000,   255.000000,   255.000000,   255.000000,2049180.000000,8036,5,9,2,180,682,779,653,810,619,803,619,679,631,680,-99,-99,-99,-99,-99,-99,-99,-99
59,8675.000000,6298838.000000,3387260.000000,0.000000,726.090835,390.462247,0.000000,0.000000,8997322.386164,4556634.421439,-1154652.251295,0.000000,0.000000,0.000000,50.476275,25.563376,-6.477765,0.000000,0.000000,76.039651,1248.382570,0.000000,76.039651,35.332457,-0.000000,43.839199,64.594027,0.000000,390,726,0,321,681,0,452,776,0,681,445,0,488,97.797800,134.858019,-0.239772,144.641037,   121.646782,    11.029360,   179.000000,   119.000000,   143.000000,1254761.000000,8675,255.000000,     0.000000,     0.000000,   255.000000,   255.000000,   255.000000,2212125.000000,8675,8,9,2,180,447,682,451,709,452,716,345,761,334,738,333,732,322,713,339,696,-99,-99
60,6.000000,4092.000000,2379.000000,0.000000,682.000000,396.500000,0.000000,0.000000,17.500000,0.000000,0.000000,0.000000,0.000000,0.000000,1.605103,0.000000,0.000000,0.000000,0.000000,1.605103,0.000000,0.000000,1.605103,0.000000,-0.000000,0.000000,inf,0.000000,397,682,0,394,682,0,399,682,0,682,394,0,6,0.000000,5.000000,0.000000,151.500000,    19.100000,     4.370354,   157.000000,   145.000000,   150.000000,   909.000000,6,0.000000,     0.000000,     0.000000,     0.000000,     0.000000,     0.000000,     0.000000,0,0,9,1,0,-99,-99,-99,-99,-99,-99,-99,-99,-99,-99,-99,-99,-99,-99,-99,-99,-99,-99
61,5986.000000,4528391.000000,1808646.000000,0.000000,756.496992,302.146007,0.000000,0.000000,3236116.389574,3951752.445872,1782215.628131,0.000000,0.000000,0.000000,29.774319,36.358624,16.397512,0.000000,0.000000,66.132944,813.674913,0.000000,66.132944,28.524987,-0.000000,58.890203,33.737731,0.000000,302,756,0,250,703,0,349,812,0,703,268,0,448,127.976885,140.903843,-0.686329,147.005345,   125.638400,    11.208853,   180.000000,   119.000000,   148.000000,879974.000000,5986,0.000000,     0.000000,     0.000000,     0.000000,     0.000000,     0.000000,     0.000000,0,8,9,2,177,344,795,333,800,330,802,320,806,316,807,296,812,250,745,268,704,-99,-99
62,4164.000000,3120248.000000,2001193.000000,0.000000,749.339097,480.593900,0.000000,0.000000,1566652.285062,1902255.195004,-963454.586935,0.000000,0.000000,0.000000,23.386127,28.395824,-14.381922,0.000000,0.000000,51.781952,457.228682,0.000000,51.781952,21.382906,-0.000000,50.569084,26.706100,0.000000,481,749,0,438,707,0,522,794,0,707,521,0,346,109.750792,113.670463,0.699179,144.331892,    99.837454,     9.991869,   173.000000,   119.000000,   144.000000,600998.000000,4164,255.000000,     0.000000,     0.000000,   255.000000,   255.000000,   255.000000,1061820.000000,4164,3,9,2,174,519,708,474,794,438,775,-99,-99,-99,-99,-99,-99,-99,-99,-99,-99,-99,-99
63,7693.000000,5967120.000000,4243486.000000,0.000000,775.655790,551.603535,0.000000,0.000000,4880062.783828,5706312.534509,-662039.837514,0.000000,0.000000,0.000000,32.133973,37.574618,-4.359364,0.000000,0.000000,69.708591,1188.417738,0.000000,69.708591,34.473435,-0.000000,54.728372,47.175368,0.000000,552,776,0,483,712,0,607,823,0,712,539,0,530,126.933852,141.799978,0.506451,143.849733,    89.524478,     9.461737,   172.000000,   120.000000,   144.000000,1106636.000000,7693,255.000000,     0.000000,     0.000000,   255.000000,   255.000000,   255.000000,1961715.000000,7693,6,9,2,177,573,718,601,796,607,808,500,812,485,799,541,713,-99,-99,-99,-99,-99,-99
64,11.000000,8099.000000,6468.000000,0.000000,736.272727,588.000000,0.000000,0.000000,6.000000,16.181818,-3.000000,0.000000,0.000000,0.000000,0.245260,0.661460,-0.122630,0.000000,0.000000,0.906720,0.147191,0.000000,0.906720,0.383655,-0.000000,2.502278,1.381504,0.000000,588,736,0,587,734,0,589,738,0,734,588,0,11,2.073046,4.146092,0.266252,155.727272,     8.218181,     2.866737,   160.000000,   152.000000,   156.000000,  1713.000000,11,0.000000,     0.000000,     0.000000,     0.000000,     0.000000,     0.000000,     0.000000,0,0,9,1,0,-99,-99,-99,-99,-99,-99,-99,-99,-99,-99,-99,-99,-99,-99,-99,-99,-99,-99
65,1.000000,752.000000,442.000000,0.000000,752.000000,442.000000,0.000000,0.000000,0.000000,0.000000,0.000000,0.000000,0.000000,0.000000,0.000000,0.000000,0.000000,0.000000,0.000000,0.000000,0.000000,0.000000,0.000000,0.000000,-0.000000,-nan,-nan,0.000000,442,752,0,442,752,0,442,752,0,752,442,0,1,0.000000,0.000000,-nan,0.000000,     0.000000,     0.000000,   157.000000,   157.000000,   157.000000,   157.000000,1,0.000000,     0.000000,     0.000000,     0.000000,     0.000000,     0.000000,     0.000000,0,0,9,1,0,-99,-99,-99,-99,-99,-99,-99,-99,-99,-99,-99,-99,-99,-99,-99,-99,-99,-99
66,1.000000,777.000000,218.000000,0.000000,777.000000,218.000000,0.000000,0.000000,0.000000,0.000000,0.000000,0.000000,0.000000,0.000000,0.000000,0.000000,0.000000,0.000000,0.000000,0.000000,0.000000,0.000000,0.000000,0.000000,-0.000000,-nan,-nan,0.000000,218,777,0,218,777,0,218,777,0,777,218,0,1,0.000000,0.000000,-nan,0.000000,     0.000000,     0.000000,   166.000000,   166.000000,   166.000000,   166.000000,1,0.000000,     0.000000,     0.000000,     0.000000,     0.000000,     0.000000,     0.000000,0,0,9,1,0,-99,-99,-99,-99,-99,-99,-99,-99,-99,-99,-99,-99,-99,-99,-99,-99,-99,-99
67,8075.000000,6769053.000000,3376892.000000,0.000000,838.272817,418.190959,0.000000,0.000000,4858809.540060,7417389.983403,-2532651.684333,0.000000,0.000000,0.000000,29.992074,45.785476,-15.633351,0.000000,0.000000,75.777550,1128.799729,0.000000,75.777550,33.597614,-0.000000,65.886917,39.955059,0.000000,418,838,0,363,778,0,469,895,0,778,434,0,463,124.453565,137.368557,0.551530,144.045944,   103.350749,    10.166157,   187.000000,   119.000000,   144.000000,1163171.000000,8075,255.000000,     0.000000,     0.000000,   255.000000,   255.000000,   255.000000,2059125.000000,8075,6,9,1,357,434,778,441,785,464,792,468,795,364,892,409,782,-99,-99,-99,-99,-99,-99
68,11077.000000,9564578.000000,3424004.000000,0.000000,863.462850,309.109325,0.000000,0.000000,12369152.606657,10906199.963162,-829277.512501,0.000000,0.000000,0.000000,50.093003,44.168289,-3.358435,0.000000,0.000000,94.261293,2201.243204,0.000000,94.261293,46.917408,-0.000000,59.088981,64.997551,0.000000,309,863,0,226,800,0,373,944,0,800,349,0,741,157.989168,161.280609,-0.423989,143.844813,    73.268710,     8.559714,   173.000000,   121.000000,   144.000000,1593369.000000,11077,0.000000,     0.000000,     0.000000,     0.000000,     0.000000,     0.000000,     0.000000,0,6,9,1,357,349,800,373,828,351,932,348,933,336,944,226,861,-99,-99,-99,-99,-99,-99
69,2.000000,1611.000000,1226.000000,0.000000,805.500000,613.000000,0.000000,0.000000,0.000000,0.500000,0.000000,0.000000,0.000000,0.000000,0.000000,0.198425,0.000000,0.000000,0.000000,0.198425,0.000000,0.000000,0.198425,0.000000,-0.000000,-nan,0.000000,0.000000,613,806,0,613,805,0,613,806,0,805,613,0,2,0.000000,1.000000,-0.000000,158.000000,     0.000000,     0.000000,   158.000000,   158.000000,   158.000000,   316.000000,2,0.000000,     0.000000,     0.000000,     0.000000,     0.000000,     0.000000,     0.000000,0,0,9,1,0,-99,-99,-99,-99,-99,-99,-99,-99,-99,-99,-99,-99,-99,-99,-99,-99,-99,-99
70,4313.000000,3626649.000000,2635477.000000,0.000000,840.864595,611.054254,0.000000,0.000000,1861707.304428,1270552.923718,-302457.315325,0.000000,0.000000,0.000000,26.517879,18.097565,-4.308156,0.000000,0.000000,44.615444,461.348837,0.000000,44.615444,21.479032,-0.000000,32.411348,42.751526,0.000000,611,841,0,573,807,0,649,877,0,807,618,0,292,75.949664,82.459635,-0.398451,147.549965,    69.350065,     8.327668,   185.000000,   127.000000,   147.000000,636383.000000,4313,0.000000,     0.000000,     0.000000,     0.000000,     0.000000,     0.000000,     0.000000,0,4,9,2,171,648,816,648,853,575,869,573,825,-99,-99,-99,-99,-99,-99,-99,-99,-99,-99
71,1.000000,808.000000,611.000000,0.000000,808.000000,611.000000,0.000000,0.000000,0.000000,0.000000,0.000000,0.000000,0.000000,0.000000,0.000000,0.000000,0.000000,0.000000,0.000000,0.000000,0.000000,0.000000,0.000000,0.000000,-0.000000,-nan,-nan,0.000000,611,808,0,611,808,0,611,808,0,808,611,0,1,0.000000,0.000000,-nan,0.000000,     0.000000,     0.000000,   166.000000,   166.000000,   166.000000,   166.000000,1,0.000000,     0.000000,     0.000000,     0.000000,     0.000000,     0.000000,     0.000000,0,0,9,1,0,-99,-99,-99,-99,-99,-99,-99,-99,-99,-99,-99,-99,-99,-99,-99,-99,-99,-99
72,5596.000000,4780224.000000,2943563.000000,0.000000,854.221586,526.011972,0.000000,0.000000,3207454.197819,2364337.232308,333665.153680,0.000000,0.000000,0.000000,32.284211,23.797928,3.358463,0.000000,0.000000,56.082139,757.018076,0.000000,56.082139,27.513961,-0.000000,39.171543,47.626216,0.000000,526,854,0,464,816,0,570,901,0,816,495,0,465,89.996031,112.230344,0.334769,144.942458,    82.193650,     9.066071,   176.000000,   118.000000,   144.000000,811098.000000,5596,255.000000,     0.000000,     0.000000,   255.000000,   255.000000,   255.000000,1426980.000000,5596,5,9,3,114,567,825,570,869,513,901,465,847,492,820,-99,-99,-99,-99,-99,-99,-99,-99
73,47.000000,39642.000000,11197.000000,0.000000,843.446808,238.234042,0.000000,0.000000,1084.425531,83.617021,-192.914893,0.000000,0.000000,0.000000,6.393459,0.492981,-1.137370,0.000000,0.000000,6.886441,1.858247,0.000000,6.886441,1.363175,-0.000000,1.881773,9.117912,0.000000,238,843,0,230,842,0,247,847,0,842,235,0,39,5.085831,17.291827,-0.183979,144.085106,    65.427382,     8.088719,   162.000000,   130.000000,   145.000000,  6772.000000,47,0.000000,     0.000000,     0.000000,     0.000000,     0.000000,     0.000000,     0.000000,0,0,9,1,4,-99,-99,-99,-99,-99,-99,-99,-99,-99,-99,-99,-99,-99,-99,-99,-99,-99,-99
74,27.000000,23389.000000,12599.000000,0.000000,866.259259,466.629629,0.000000,0.000000,192.296296,175.185185,146.592592,0.000000,0.000000,0.000000,2.374028,2.162780,1.809785,0.000000,0.000000,4.536808,1.859179,0.000000,4.536808,1.363517,-0.000000,1.990428,5.957735,0.000000,467,866,0,464,861,0,473,870,0,861,464,0,26,12.372588,12.372588,0.756249,141.888888,    44.564102,     6.675634,   153.000000,   130.000000,   143.000000,  3831.000000,27,0.000000,     0.000000,     0.000000,     0.000000,     0.000000,     0.000000,     0.000000,0,0,9,1,0,-99,-99,-99,-99,-99,-99,-99,-99,-99,-99,-99,-99,-99,-99,-99,-99,-99,-99
75,9.000000,7858.000000,3264.000000,0.000000,873.111111,362.666666,0.000000,0.000000,3.999999,28.888888,-8.666666,0.000000,0.000000,0.000000,0.213666,1.543147,-0.462944,0.000000,0.000000,1.756814,0.115401,0.000000,1.756814,0.339708,-0.000000,3.760782,0.756644,0.000000,363,873,0,362,870,0,364,876,0,870,364,0,9,2.096220,6.288661,0.304162,145.111111,     9.361111,     3.059593,   148.000000,   140.000000,   146.000000,  1306.000000,9,0.000000,     0.000000,     0.000000,     0.000000,     0.000000,     0.000000,     0.000000,0,0,9,1,0,-99,-99,-99,-99,-99,-99,-99,-99,-99,-99,-99,-99,-99,-99,-99,-99,-99,-99
76,9398.000000,8674810.000000,4069991.000000,0.000000,923.048520,433.069908,0.000000,0.000000,12769341.070116,5216565.874439,-1946160.878270,0.000000,0.000000,0.000000,64.385474,26.302928,-9.812917,0.000000,0.000000,90.688403,1597.233192,0.000000,90.688403,39.965399,-0.000000,43.607420,72.849577,0.000000,433,923,0,357,870,0,505,980,0,870,457,0,583,113.188650,152.290184,-0.237925,143.886784,    60.426257,     7.773432,   181.000000,   118.000000,   144.000000,1352248.000000,9398,0.000000,     0.000000,     0.000000,     0.000000,     0.000000,     0.000000,     0.000000,0,8,9,1,351,483,876,489,880,494,884,496,889,498,893,505,903,357,932,358,899,-99,-99
77,1.000000,881.000000,361.000000,0.000000,881.000000,361.000000,0.000000,0.000000,0.000000,0.000000,0.000000,0.000000,0.000000,0.000000,0.000000,0.000000,0.000000,0.000000,0.000000,0.000000,0.000000,0.000000,0.000000,0.000000,-0.000000,-nan,-nan,0.000000,361,881,0,361,881,0,361,881,0,881,361,0,1,0.000000,0.000000,-nan,0.000000,     0.000000,     0.000000,   160.000000,   160.000000,   160.000000,   160.000000,1,0.000000,     0.000000,     0.000000,     0.000000,     0.000000,     0.000000,     0.000000,0,0,9,1,0,-99,-99,-99,-99,-99,-99,-99,-99,-99,-99,-99,-99,-99,-99,-99,-99,-99,-99
78,7.000000,6410.000000,2092.000000,0.000000,915.714285,298.857142,0.000000,0.000000,10.857142,3.428571,4.714285,0.000000,0.000000,0.000000,0.810808,0.256044,0.352061,0.000000,0.000000,1.066852,0.083655,0.000000,1.066852,0.289233,-0.000000,0.808888,2.745295,0.000000,299,916,0,297,915,0,301,917,0,915,297,0,7,2.222996,4.445992,0.451745,158.857142,    32.809523,     5.727959,   166.000000,   149.000000,   158.000000,  1112.000000,7,0.000000,     0.000000,     0.000000,     0.000000,     0.000000,     0.000000,     0.000000,0,0,9,1,0,-99,-99,-99,-99,-99,-99,-99,-99,-99,-99,-99,-99,-99,-99,-99,-99,-99,-99
